Chapter,Task
Introduction,"Replace all `#REF` placeholders with accurate and relevant citations to substantiate your claims."
Introduction,"Provide detailed explanations on why current efforts at democratizing GIS (e.g., web-based platforms) are insufficient."
Introduction,"Highlight the limitations of existing solutions to underscore the necessity of Prompt2Map."
Methods,"Add all relevant figures and diagrams (e.g., system architecture diagram, UML diagram) to illustrate the system's design and workflow."
Methods,"Provide detailed step-by-step explanations or flowcharts to clarify the system's workflow and processes."
Methods,"Remove redundant content in the Geospatial Data Sources section to avoid repetition and improve clarity."
Methods,"Describe how system components interact, particularly how the Geospatial Retriever and Map Generator work together."
Methods,"Incorporate concrete examples or code snippets demonstrating key functionalities, such as function calling in the Map Generator, key classes in the Implementation, and methods within Interfaces."
Methods,"Explain how the system handles potential errors or exceptions during map generation and user query processing."
Methods,"Specify any testing frameworks or methodologies used to validate the implementation (e.g., unit tests, integration tests)."
Methods,"Discuss any performance optimizations or considerations taken into account to enhance system efficiency."
Methods,"Describe how the system can be extended, such as adding new interfaces or integrating additional providers."
Methods,"Elaborate on how secure interactions with external providers are managed, including API key management and data transmission security."
Methods,"List versions of external dependencies used (e.g., Python libraries, APIs) and discuss compatibility considerations."
Methods,"Explain how dependencies are managed within the project (e.g., using `requirements.txt`, virtual environments, Docker)."
Methods,"Detail any data preprocessing steps undertaken to prepare the datasets for use with Prompt2Map."
Methods,"Discuss any limitations or challenges posed by the selected datasets and how they were addressed."
Methods,"Explain why specific evaluation metrics were chosen and how they apply to assessing Prompt2Map's performance."
Methods,"Compare the proposed metrics with existing benchmarks to highlight their advantages."
Methods,"Verify all mathematical equations for correctness and include visual aids or examples to illustrate metric calculations."
Methods,"Provide a summary of actual evaluation results, including sample aggregated results."
Methods,"Explain how aggregation is performed programmatically and how outliers or inconsistent runs are managed."
Methods,"Describe how the system handles potential errors or ambiguities in user queries to enhance reliability."
Results,"Mention the types of questions evaluated (e.g., aggregation, filtering, spatial analysis) to provide context."
Results,"Incorporate transition sentences to smoothly lead into the summary of results."
Results,"Ensure that all tables and figures are correctly formatted, labeled, and referenced."
Results,"Reiterate definitions of each metric where necessary to aid reader comprehension."
Results,"Add color-coding or conditional formatting to the table to visually distinguish high and low-performing metrics."
Results,"Ensure analyses for all referenced questions are fully developed and included, especially for low-performing questions like Q1."
Results,"Include specific examples or excerpts from generated SQL queries to illustrate key points in your analyses."
Results,"Strengthen connections between qualitative analyses and quantitative metrics by referencing specific scores when discussing each question."
Results,"Provide detailed critiques of discrepancies between generated and ground truth maps."
Results,"Discuss technical factors influencing visual outcomes, such as mapping function limitations or data inconsistencies."
Results,"Incorporate additional references to existing studies or systems to strengthen comparative analyses."
Results,"Provide empirical comparisons or benchmark results against existing tools to substantiate Prompt2Map's advantages."
Results,"Provide specific examples of how ethical challenges were addressed within the system."
Results,"Explore additional ethical aspects, such as data privacy and user consent."
Results,"Provide concrete examples of how Prompt2Map can be applied in real-world GIS scenarios."
Results,"Discuss the broader societal and academic impacts of adopting natural language interfaces in GIS."
Results,"Provide detailed descriptions of identified limitations."
Results,"Outline specific steps or methodologies for addressing these limitations in future work."
Conclusion,"Include specific metrics or results from the Results chapter to substantiate claims of high accuracy and reliability."
Conclusion,"Acknowledge any limitations identified to provide a balanced summary."
Conclusion,"Include comparative examples with existing tools or studies to emphasize Prompt2Map's unique contributions."
Conclusion,"Incorporate quantitative data to highlight the extent of improvements or contributions."
Conclusion,"Discuss how these contributions benefit various stakeholders (e.g., researchers, practitioners, general public)."
Conclusion,"Provide concrete examples of how ethical challenges were addressed."
Conclusion,"Explore additional ethical aspects, such as data privacy and user consent."
Conclusion,"Outline plans for handling emerging ethical challenges in future developments."
Conclusion,"Provide a detailed roadmap or timeline for future work, including integrating Linked Data and enhancing natural language understanding."
Conclusion,"Discuss potential technical challenges and propose solutions."
Conclusion,"Explore how future directions could influence broader research or applications in GIS and NLP."
Conclusion,"Adopt a more engaging or visionary tone to inspire readers and emphasize the significance of your work."
Conclusion,"Include a call to action for researchers, practitioners, or policymakers to build on your work."
Conclusion,"Reflect on the research process, challenges overcome, and key learnings to add a personal touch."